rbd,nombre,comuna,region,dependencia,motivo
83,ESCUELA COTA COTANI,PUTRE,AYP,Servicio Local de Educación,sin matricula 2025
95,ESCUELA COLPITAS,GENERAL LAGOS,AYP,Servicio Local de Educación,sin matricula 2025
179,ESCUELA BASICA MAUQUE,COLCHANE,TPCA,Municipal,sin matricula 2025
280,LICEO COMERCIAL JERARDO MUNOZ CAMPOS,ANTOFAGASTA,ANTOF,Municipal,solo adultos
495,ESCUELA AGLADE MARÍN VARGAS,ALTO DEL CARMEN,ATCMA,Servicio Local de Educación,sin matricula 2025
552,ESCUELA DE CHACAY ALTO,LA SERENA,COQ,Servicio Local de Educación,sin matricula 2025
785,ESCUELA BASICA LOS MAITENES DE SAMO ALTO,RÍO HURTADO,COQ,Municipal,sin matricula 2025
1040,ESCUELA PARTICULAR LAS JARILLAS,SALAMANCA,COQ,Particular Subvencionado,sin matricula 2025
1082,ESC.BASICA MERCEDES MARIN DEL SOLAR,CANELA,COQ,Municipal,sin matricula 2025
1650,COL. PART. CONSTANCIO VIGIL,VALPARAÍSO,VALPO,Particular Subvencionado,solo parvularia
1927,ESCUELA JUAN DE SAAVEDRA,QUILPUÉ,VALPO,Particular Subvencionado,sin matricula 2025
2057,ESCUELA PARTICULAR N. 33 MARIA KONIG,SAN ANTONIO,VALPO,Particular Subvencionado,sin matricula 2025
2280,LICEO BICENTENARIO DE EXCELENCIA TOMÁS MARÍN DE POVEDA,RENGO,LGBO,Municipal,solo adultos
2545,ESCUELA GABRIELA MISTRAL,CHÉPICA,LGBO,Municipal,sin matricula 2025
2609,ESCUELA MUNICIPAL DE PALMILLA DE RETO,PUMANQUE,LGBO,Municipal,sin matricula 2025
3002,COLEGIO MARIA MAZZARELLO,TALCA,MAULE,Particular Subvencionado,sin matricula 2025
3196,ESCUELA LEONTINA LETELIER LETELIER,CONSTITUCIÓN,MAULE,Servicio Local de Educación,sin matricula 2025
3222,ESCUELA CARMEN ROSA MARTINEZ BAEZA,CUREPTO,MAULE,Municipal,sin matricula 2025
3233,ESCUELA JOSE MIGUEL CARRERA,CUREPTO,MAULE,Municipal,sin matricula 2025
3236,ESCUELA QUEBRADA DE LOS GUINDOS,CUREPTO,MAULE,Municipal,sin matricula 2025
3385,ESCUELA PARTICULAR NRO 9 LOS CERRILLOS,LONGAVÍ,MAULE,Particular Subvencionado,sin matricula 2025
3421,ESCUELA JUAN BULNES ALDUNATE,PARRAL,MAULE,Municipal,sin matricula 2025
3583,ESCUELA MARIA GONZALEZ VERA,CAUQUENES,MAULE,Servicio Local de Educación,sin matricula 2025
3601,ESCUELA LA PATAGUA,CAUQUENES,MAULE,Servicio Local de Educación,sin matricula 2025
3629,ESCUELA EL SAUCE,CHANCO,MAULE,Servicio Local de Educación,sin matricula 2025
3958,ESCUELA LOS LAURELES,YUNGAY,NUBLE,Municipal,sin matricula 2025
4017,ESCUELA BASICA MANUEL BAQUEDANO GONZALEZ,RANQUIL,NUBLE,Municipal,sin matricula 2025
4073,ESCUELA BASICA MONTE OLIMPO,TREHUACO,NUBLE,Municipal,sin matricula 2025
4097,ESCUELA BASICA LOS CORRALES,COBQUECURA,NUBLE,Municipal,sin matricula 2025
4162,LICEO COMERCIAL DIEGO PORTALES PALAZUELO,LOS ÁNGELES,BBIO,Municipal,solo adultos
4223,ESCUELA BASICA PATAGUECO,LOS ÁNGELES,BBIO,Municipal,sin matricula 2025
4281,ESCUELA PARTICULAR RURAL LOS COPIHUES,LOS ÁNGELES,BBIO,Particular Subvencionado,sin matricula 2025
4305,HACIENDA MONTE ÁGUILA,CABRERO,BBIO,Municipal,sin matricula 2025
4339,ESCUELA BASICA CENTINELA,QUILLECO,BBIO,Municipal,sin matricula 2025
4341,ESCUELA LAS ARENAS,QUILLECO,BBIO,Municipal,sin matricula 2025
4347,ESCUELA BLANCA ESTRELLA,QUILLECO,BBIO,Municipal,sin matricula 2025
4384,ESCUELA PARTICULAR QUEPUCA RALCO,ALTO BIOBÍO,BBIO,Particular Subvencionado,sin matricula 2025
4480,ESCUELA PARTICULAR EL CARRIZAL,NACIMIENTO,BBIO,Particular Subvencionado,sin matricula 2025
4527,ESCUELA MUNICIPAL CERRO PARRA,YUMBEL,BBIO,Municipal,sin matricula 2025
4628,ESCUELA PARTICULAR PRESIDENTE GABRIEL GONZÁLEZ VIDELA,CHIGUAYANTE,BBIO,Particular Subvencionado,sin matricula 2025
4639,ESCUELA PARTICULAR SANTA EMILIA,CONCEPCIÓN,BBIO,Particular Subvencionado,sin matricula 2025
4660,ESCUELA PARTTICULAR SANTA CATALINA DE SIENA,CONCEPCIÓN,BBIO,Particular Subvencionado,sin matricula 2025
4774,ESCUELA PARTICULAR ENRIQUE MOLINA GARMENDIA,HUALPÉN,BBIO,Particular Subvencionado,sin matricula 2025
4851,ESCUELA BASICA BURCA,TOMÉ,BBIO,Municipal,sin matricula 2025
4910,ESCUELA GUILLERMO BARBERI MASSA,HUALQUI,BBIO,Servicio Local de Educación,sin matricula 2025
4941,ESCUELA PODUCO BAJO,SANTA JUANA,BBIO,Municipal,sin matricula 2025
4949,LICEO COMERCIAL PRESIDENTE FREI MONTALVA,LOTA,BBIO,Servicio Local de Educación,solo adultos
5064,ESCUELA FERMIN IBARRA FRITZ,ARAUCO,BBIO,Municipal,sin matricula 2025
5178,ESCUELA BASICA PEDRO ETCHEPARE BORDA,CAÑETE,BBIO,Municipal,sin matricula 2025
5186,ESCUELA PARTICULAR VILLA HERMOSA,CONTULMO,BBIO,Particular Subvencionado,sin matricula 2025
5518,ESC. BASICA CONUNHUENU,PURÉN,ARAUC,Municipal,sin matricula 2025
5520,ESC. BASICA IPINCO ALTO,PURÉN,ARAUC,Municipal,sin matricula 2025
5558,ESC. BASICA NININCO,LOS SAUCES,ARAUC,Municipal,sin matricula 2025
5651,ESCUELA PARTICULAR COLLIN,LAUTARO,ARAUC,Particular Subvencionado,sin matricula 2025
5655,LICEO COMERCIAL TEMUCO BICENTENARIO DE EXCELENCIA,TEMUCO,ARAUC,Particular Subvencionado,solo adultos
5698,ESCUELA PARTICULAR ARAUCANIA,TEMUCO,ARAUC,Particular Subvencionado,sin matricula 2025
5807,ESCUELA PARTICULAR LA ROCA,PADRE LAS CASAS,ARAUC,Particular Subvencionado,sin matricula 2025
5998,ESCUELA PARTICULAR LA BASTILLA,CUNCO,ARAUC,Particular Subvencionado,sin matricula 2025
6024,ESCUELA PARTICULAR EL RETIRO,MELIPEUCO,ARAUC,Particular Subvencionado,sin matricula 2025
6041,ESCUELA PARTICULAR LOS RAULIES,CURARREHUE,ARAUC,Particular Subvencionado,sin matricula 2025
6154,ESCUELA PARTICULAR CURILELFU,VILLARRICA,ARAUC,Particular Subvencionado,sin matricula 2025
6280,ESCUELA BASICA EL RINCO,GORBEA,ARAUC,Municipal,sin matricula 2025
6282,ESCUELA EL LAUREL,GORBEA,ARAUC,Municipal,sin matricula 2025
6391,ESCUELA PARTICULAR VILLA BOLDOS,TOLTÉN,ARAUC,Particular Subvencionado,sin matricula 2025
6429,ESCUELA PARTICULAR REBECA MATTE BELLO,TEODORO SCHMIDT,ARAUC,Particular Subvencionado,sin matricula 2025
6441,ESCUELA RUCA COMCHE DE PELECOE,TEODORO SCHMIDT,ARAUC,Particular Subvencionado,sin matricula 2025
6444,ESCUELA PARTICULAR BELLAVISTA,TEODORO SCHMIDT,ARAUC,Particular Subvencionado,sin matricula 2025
6446,ESCUELA PARTICULAR SAN MIGUEL DE TRAUHUE,TEODORO SCHMIDT,ARAUC,Particular Subvencionado,sin matricula 2025
6464,ESCUELA PARTICULAR HUAPI,SAAVEDRA,ARAUC,Particular Subvencionado,sin matricula 2025
6477,ESCUELA PARTICULAR PERQUINAN,SAAVEDRA,ARAUC,Particular Subvencionado,sin matricula 2025
6481,ESCUELA PARTICULAR CHEUCAN,SAAVEDRA,ARAUC,Particular Subvencionado,sin matricula 2025
6486,ESCUELA PARTICULAR SAN GASTON,SAAVEDRA,ARAUC,Particular Subvencionado,sin matricula 2025
6518,ESCUELA BASICA EL MANZANO,CARAHUE,ARAUC,Servicio Local de Educación,sin matricula 2025
6522,ESCUELA BASICA PUYANGUE,CARAHUE,ARAUC,Servicio Local de Educación,sin matricula 2025
6524,ESCUELA CULLINCO,CARAHUE,ARAUC,Servicio Local de Educación,sin matricula 2025
6576,ESCUELA PARTICULAR CLAUDIO MATTE,CARAHUE,ARAUC,Particular Subvencionado,sin matricula 2025
6635,ESC. BASICA LOS ROBLES,NUEVA IMPERIAL,ARAUC,Servicio Local de Educación,sin matricula 2025
6658,ESCUELA PARTICULAR LOS CONDORES,CHOLCHOL,ARAUC,Particular Subvencionado,sin matricula 2025
6660,ESCUELA PARTICULAR SANTA ISABEL,CHOLCHOL,ARAUC,Particular Subvencionado,sin matricula 2025
6673,ESCUELA PARTICULAR PUEL MAPU,NUEVA IMPERIAL,ARAUC,Particular Subvencionado,sin matricula 2025
6868,ESCUELA RURAL INIPULLI,MARIQUINA,RIOS,Municipal,sin matricula 2025
7034,ESCUELA RURAL PUTREGUEL,MÁFIL,RIOS,Municipal,sin matricula 2025
7292,ESCUELA PARTICULAR NUEVA ESPERANZA,RÍO BUENO,RIOS,Particular Subvencionado,sin matricula 2025
7424,ESCUELA RURAL VILLA CARACOL,SAN PABLO,LAGOS,Municipal,sin matricula 2025
7493,ESCUELA RURAL LAGUNA BONITA,PUERTO OCTAY,LAGOS,Municipal,sin matricula 2025
7557,ESCUELA RURAL HUILMA GRANDE,RÍO NEGRO,LAGOS,Municipal,sin matricula 2025
7569,ESCUELA RURAL CALETA HUELLELHUE,RÍO NEGRO,LAGOS,Municipal,sin matricula 2025
7573,ESCUELA RURAL LLAHUALCO,RÍO NEGRO,LAGOS,Municipal,sin matricula 2025
7605,ESCUELA PARTICULAR N.157 PURRUCALHUE,SAN JUAN DE LA COSTA,LAGOS,Particular Subvencionado,sin matricula 2025
7626,INSTITUTO COMERCIAL DE PUERTO MONTT,PUERTO MONTT,LAGOS,Municipal,solo adultos
7762,ESCUELA RURAL ESTUARIO DE RELONCAVI,COCHAMÓ,LAGOS,Municipal,sin matricula 2025
7779,ESCUELA RURAL ESTERO HUITO,CALBUCO,LAGOS,Municipal,sin matricula 2025
7793,ESCUELA RURAL MARIO MORALES BECA,CALBUCO,LAGOS,Municipal,sin matricula 2025
7794,ESCUELA RURAL EL FARO ILTO,CALBUCO,LAGOS,Municipal,sin matricula 2025
7837,ESCUELA RURAL PADRE NELSON AGUILAR ESPAÑA,MAULLIN,LAGOS,Municipal,sin matricula 2025
7864,ESCUELA RURAL SAN JORGE,MAULLIN,LAGOS,Municipal,sin matricula 2025
7894,ESCUELA RURAL PARAGUAY CHICO EL GATO,LOS MUERMOS,LAGOS,Servicio Local de Educación,sin matricula 2025
7936,ESCUELA RURAL RINCONADA,FRESIA,LAGOS,Servicio Local de Educación,sin matricula 2025
7948,ESCUELA PARTICULAR N. 226 LAS CUYAS,FRESIA,LAGOS,Particular Subvencionado,sin matricula 2025
8050,ESCUELA FATIMA,ANCUD,LAGOS,Servicio Local de Educación,sin matricula 2025
8075,ESCUELA RURAL QUILAR,ANCUD,LAGOS,Servicio Local de Educación,sin matricula 2025
8130,ESCUELA RURAL TOCOIHUE,DALCAHUE,LAGOS,Servicio Local de Educación,sin matricula 2025
8155,ESCUELA RURAL DALLICO,DALCAHUE,LAGOS,Servicio Local de Educación,sin matricula 2025
8219,ESCUELA RURAL PINDACO,CHONCHI,LAGOS,Servicio Local de Educación,sin matricula 2025
8244,ESCUELA RURAL DIAZ-LIRA,QUEILÉN,LAGOS,Servicio Local de Educación,sin matricula 2025
8277,ESCUELA RURAL SAN JUAN,QUELLÓN,LAGOS,Servicio Local de Educación,sin matricula 2025
8373,ESCUELA RURAL SOBERANIA RIO CISNES,LAGO VERDE,AYSEN,Servicio Local de Educación,sin matricula 2025
8644,COLEGIO INDUSTRIAL VASCO NUNEZ DE BALBOA,SANTIAGO,RM,Particular Subvencionado,sin matricula 2025
8957,ESCUELA BASICA N°280 ASOCIACION MONTESSORI,ÑUÑOA,RM,Particular Pagado,sin matricula 2025
9145,ESCUELA PARTICULAR MANUEL ANTONIO MATTA,ÑUÑOA,RM,Particular Subvencionado,sin matricula 2025
9177,LICEO COMERCIAL PARTICULAR ÑUÑOA,ÑUÑOA,RM,Particular Subvencionado,sin matricula 2025
9263,COLEGIO SANTA GEMA GALGANI,ÑUÑOA,RM,Particular Pagado,sin matricula 2025
9345,ESCUELA PARTICULAR LOS CASTANOS,LA FLORIDA,RM,Particular Subvencionado,sin matricula 2025
9537,ESCUELA PARTICULAR DIVINA GABRIELA,PEDRO AGUIRRE CERDA,RM,Particular Subvencionado,sin matricula 2025
9664,COLEGIO PARTICULAR PUERTO NAVARINO,LA PINTANA,RM,Particular Subvencionado,sin matricula 2025
9830,ESCUELA PARTICULAR SAN MARTIN DE PORRES,LA CISTERNA,RM,Particular Subvencionado,sin matricula 2025
9855,COLEGIO PRINCESS ANNE SCHOOL,LA CISTERNA,RM,Particular Pagado,sin matricula 2025
10711,LICEO COMERCIAL TALAGANTE,TALAGANTE,RM,Particular Subvencionado,solo adultos
10849,ESCUELA HERIBERTO ERLWEIN  S.,CURACAVÍ,RM,Municipal,sin matricula 2025
10912,ESCUELA VALLE DE PARCOHAYLLA,CAMARONES,AYP,Servicio Local de Educación,sin matricula 2025
11279,ESCUELA ANGEL MARIA,CHÉPICA,LGBO,Municipal,sin matricula 2025
11419,ESCUELA COLICO BAJO,SANTA JUANA,BBIO,Municipal,sin matricula 2025
11581,ESCUELA PARTICULAR LOS CIERVOS,LA UNIÓN,RIOS,Particular Subvencionado,sin matricula 2025
11676,ESCUELA BASICA LA HUERTA,SANTA JUANA,BBIO,Servicio Local de Educación,sin matricula 2025
12711,LICEO ACADEMIA SINAI,ALTO HOSPICIO,TPCA,Particular Subvencionado,sin matricula 2025
12830,LICEO DE ESTUDIOS CONTABLES Y ADMINISTR.,ANTOFAGASTA,ANTOF,Particular Subvencionado,solo adultos
12855,LICEO COMERCIAL COMPUTACIONAL STA SARA,ANTOFAGASTA,ANTOF,Particular Subvencionado,solo adultos
13336,ESCUELA BASICA JOSE IGNACIO ZENTENO,COMBARBALÁ,COQ,Municipal,sin matricula 2025
13465,ESCUELA BASICA JESUS NAZARENO,SALAMANCA,COQ,Particular Subvencionado,sin matricula 2025
14601,COLEGIO SPEIRO,VALPARAÍSO,VALPO,Particular Subvencionado,sin matricula 2025
16896,ENGLISH COLLEGE,VIÑA DEL MAR,VALPO,Particular Pagado,sin matricula 2025
17640,ESCUELA BASICA EL PILME,QUIRIHUE,NUBLE,Municipal,sin matricula 2025
19902,ESCUELA ANEXA DE PELEHUITO,LOS SAUCES,ARAUC,Municipal,sin matricula 2025
20054,ESCUELA GASPAR HUENCHUMAN,NUEVA IMPERIAL,ARAUC,Particular Subvencionado,sin matricula 2025
20136,LICEO POLITECNICO LOS NOGALES,ANGOL,ARAUC,Particular Subvencionado,sin matricula 2025
20299,"ESCUELA BASICA N°2459, FRANCISCO VARELA",PEÑALOLÉN,RM,Particular Pagado,sin matricula 2025
22093,ESCUELA BASICA SAN LUIS,COCHAMÓ,LAGOS,Municipal,sin matricula 2025
22159,ESCUELA PARTICULAR EL MINERO,RÍO BUENO,RIOS,Particular Subvencionado,sin matricula 2025
22194,ESCUELA PARTICULAR CUFEO ALTO,PAILLACO,RIOS,Particular Subvencionado,sin matricula 2025
22265,GREEN COUNTRY SCHOOL,OSORNO,LAGOS,Particular Subvencionado,sin matricula 2025
22267,ESCUELA HERMINDA JARAMILLO QUINTANA,MARIQUINA,RIOS,Particular Subvencionado,sin matricula 2025
22270,LICEO NUESTRA SEÑORA DE LOURDES,OSORNO,LAGOS,Particular Subvencionado,sin matricula 2025
22313,COLEGIO CARDENAL RAUL SILVA HENRIQUEZ,PAILLACO,RIOS,Particular Subvencionado,sin matricula 2025
22348,ESCUELA PARTICULAR SAGRADO CORAZON,MAULLIN,LAGOS,Particular Subvencionado,sin matricula 2025
22400,ESCUELA PARTICULAR DOLLINCO,FUTRONO,RIOS,Particular Subvencionado,sin matricula 2025
22495,COLEGIO PARTICULAR CARDENAL RAUL SILVA HENRIQ,RÍO BUENO,RIOS,Particular Subvencionado,sin matricula 2025
22650,ESCUELA PROFESORA ELIANA TRIVIÑO MARQUEZ,QUINCHAO,LAGOS,Particular Subvencionado,sin matricula 2025
24678,COLEGIO LARRAIN,LA REINA,RM,Particular Pagado,sin matricula 2025
24854,ESCUELA ANEXO BASICA PART.VILLA LOURDES,LO PRADO,RM,Particular Subvencionado,sin matricula 2025
25073,SANTA MARIA DEL PILAR DE LA FLORIDA,LA FLORIDA,RM,Particular Subvencionado,sin matricula 2025
25269,COLEGIO NUEVO DIEGO DE ALMAGRO,SANTIAGO,RM,Particular Subvencionado,sin matricula 2025
26145,ESC. BAS. LA CANTERA DE MAPUHUE,LA PINTANA,RM,Particular Subvencionado,sin matricula 2025
31288,LICEO BICENTENARIO DE  EXCELENCIA NACIONAL DE,CERRO NAVIA,RM,Servicio Local de Educación,sin matricula 2025
41421,INSTITUTO PREMILITAR DE CHILE,PADRE HURTADO,RM,Particular Pagado,sin matricula 2025
42395,ESCUELA BASICA COLEGIO PIONEROS,COLINA,RM,Particular Pagado,sin matricula 2025
